<?xml version="1.0" encoding="UTF-8"?>
<project-private xmlns="http://www.netbeans.org/ns/project-private/1">
    <editor-bookmarks xmlns="http://www.netbeans.org/ns/editor-bookmarks/2" lastBookmarkId="0"/>
    <open-files xmlns="http://www.netbeans.org/ns/projectui-open-files/2">
        <group>
            <file>file:/C:/Users/Daniel/Desktop/camino/camino/src/com/login/AgendarFrame.java</file>
            <file>file:/C:/Users/Daniel/Desktop/camino/camino/src/com/login/EntryFrame.java</file>
            <file>file:/C:/Users/Daniel/Desktop/camino/camino/src/com/login/Login.java</file>
            <file>file:/C:/Users/Daniel/Desktop/camino/camino/src/com/login/REgisterFrame.java</file>
        </group>
    </open-files>
</project-private>
